{"cameraMode":{"drawMode":0,"name":"Shaded","section":"Shading Mode"},"sceneLighting":false,"audioPlay":false,"sceneViewState":{"showFog":true,"showMaterialUpdate":false,"showSkybox":false,"showFlares":true,"showImageEffects":true,"showParticleSystems":true},"in2DMode":false,"pivot":{"x":0.8193705081939697,"y":0.09507036954164505,"z":-0.024349024519324304},"rotation":{"x":-0.011324615217745304,"y":0.7389068007469177,"z":-0.012421851046383381,"w":-0.6736037731170654},"size":0.8083316683769226,"orthographic":false}